OIP-e9A1QTw-BR-Hvje432gVcQHaI8.jpeg,dog
OIP-E9pww0f1I_bNgsxzoIkkGwHaHl.jpeg,dog
OIP-e9UXgniFrV_GEshekPxzwwHaFU.jpeg,dog
OIP-e21rYt0bC28LMa0VqZbz1gHaFQ.jpeg,dog
OIP-E40UTSm3zit11t4DyzzInQHaEK.jpeg,dog
OIP-e52aRHyVHuozsdcOyWZiEwHaFb.jpeg,dog
OIP-e111LxbNm9GPyl0G3A3OuwHaJ4.jpeg,dog
OIP-E901vJR38QiVYROLPv5b1gHaFS.jpeg,dog
OIP-E-btVc1f3qnt0PFpb_XQYAHaIM.jpeg,dog
OIP-E-IwtXrc7Wjw5xXOiJ5DSgHaE0.jpeg,dog
OIP-zSvrkLxfcHGXLXGA0HuAhQHaFY.jpeg,squirrel
OIP-ZtKNxAUUKn5r_9r4y1FC7QHaE8.jpeg,squirrel
OIP-ZtyEFE8GseIcE5d63-2LmAAAAA.jpeg,squirrel
OIP-ygDZzFQIlEpSCXKwJPoG8QAAAA.jpeg,squirrel
OIP-ygfPaNnmUlnetNn9zAZMdQHaEo.jpeg,squirrel
OIP-YGg61vIqhZAyqaVE5QhLiQHaE7.jpeg,squirrel
OIP-QBuh8FdBAK00x34qtbrg2QHaDt.jpeg,squirrel
OIP-q_FDO3Cim9e-Y6b2hekOMwHaGL.jpeg,squirrel
OIP-pq6vL0e3kXSfvNw30_PDSwHaE8.jpeg,squirrel
OIP-Pp1HisVgSzRuyMJvojhR3AHaE4.jpeg,squirrel
1.jpeg,cat
2.jpeg,cat
3.jpeg,cat
5.jpeg,cat
6.jpeg,cat
7.jpeg,cat
9.jpeg,cat
10.jpeg,cat
11.jpeg,cat
12.jpeg,cat